{
  "screening_metrics": {
    "accuracy": 0.7499014584154513,
    "precision": 0.2547993019197208,
    "recall": 0.413012729844413,
    "f1": 0.31516459794927143
  },
  "confirmation_metrics": {
    "accuracy": 0.8606621994481671,
    "precision": 0.0,
    "recall": 0.0,
    "f1": 0.0
  },
  "probability_metrics": {
    "roc_auc": 0.7466089538064997,
    "average_precision": 0.24603865063956834,
    "brier_score": 0.11330278043611831
  },
  "uncertainty_metrics": {
    "mean_epistemic": 2.7647540018780534e-17,
    "mean_aleatoric": 0.11512931278902352,
    "mean_total": 0.11512931278902357,
    "correlation_with_error": 0.5270704133937424
  }
}