{
  "screening": {
    "accuracy": 0.7855735120220733,
    "precision": 0.34624697336561744,
    "recall": 0.6067892503536068,
    "f1": 0.4409044193216855,
    "confusion_matrix": [
      [
        3557,
        810
      ],
      [
        278,
        429
      ]
    ]
  },
  "confirmation": {
    "accuracy": 0.8612534489554592,
    "precision": 0.5306122448979592,
    "recall": 0.036775106082036775,
    "f1": 0.06878306878306878,
    "confusion_matrix": [
      [
        4344,
        23
      ],
      [
        681,
        26
      ]
    ]
  },
  "probability_metrics": {
    "roc_auc": 0.806183317144237,
    "average_precision": 0.38739425570406893,
    "brier_score": 0.10152125677216116,
    "log_loss": 0.3294808790862923
  },
  "uncertainty_metrics": {
    "mean_epistemic": 1.4998828067516456e-17,
    "mean_aleatoric": 0.09697428704182032,
    "mean_total": 0.09697428704182032,
    "correlation_with_error": 0.6587013138117191
  }
}