{
  "screening_metrics": {
    "accuracy": 0.8200883002207505,
    "precision": 0.39394251571031214,
    "recall": 0.5409534587636158,
    "f1": 0.4558893657606104
  },
  "confirmation_metrics": {
    "accuracy": 0.8622280037842952,
    "precision": 0.6695278969957081,
    "recall": 0.02206818503324374,
    "f1": 0.04272801972062449
  },
  "probability_metrics": {
    "roc_auc": 0.8188822742035742,
    "average_precision": 0.41435187073187074,
    "brier_score": 0.10332472409319975
  },
  "uncertainty_metrics": {
    "mean_epistemic": 2.8888739551312124e-17,
    "mean_aleatoric": 0.108866805282087,
    "mean_total": 0.10886680528208702,
    "correlation_with_error": 0.51696731339585
  }
}