{
    "screening_metrics": {
        "accuracy": 0.7022232734153264,
        "balanced_accuracy": 0.7587999631694122,
        "precision": 0.2938481234418166,
        "recall": 0.8367229470452802,
        "f1": 0.4349473894180422,
        "weighted_precision": 0.8716362379190069,
        "weighted_recall": 0.7022232734153264,
        "weighted_f1": 0.748138591375931
    },
    "confirmation_metrics": {
        "accuracy": 0.7344160622306317,
        "balanced_accuracy": 0.7566285593164094,
        "precision": 0.313206106870229,
        "recall": 0.7872217958557176,
        "f1": 0.4481214504150284,
        "weighted_precision": 0.8675718865285981,
        "weighted_recall": 0.7344160622306317,
        "weighted_f1": 0.7734922647846441
    },
    "probability_metrics": {
        "roc_auc": 0.8341222308118714,
        "average_precision": 0.4299628427207442,
        "brier_score": 0.09528633026541097
    },
    "uncertainty_metrics": {
        "mean_epistemic": 5.977679668809778e-17,
        "mean_aleatoric": 0.28101991546894395,
        "mean_total": 0.28101991546894395,
        "correlation_with_error": 0.697462148221271
    },
    "class_distribution": {
        "negative_class": 32840,
        "positive_class": 5212,
        "class_ratio": 0.13697046147377273
    }
}