{
    "screening_metrics": {
        "accuracy": 0.6903185115105644,
        "balanced_accuracy": 0.7468183373326616,
        "precision": 0.2833597046413502,
        "recall": 0.8246354566385264,
        "f1": 0.42178606476938174,
        "weighted_precision": 0.8673715564847777,
        "weighted_recall": 0.6903185115105644,
        "weighted_f1": 0.7382962058569003
    },
    "confirmation_metrics": {
        "accuracy": 0.7255597603279722,
        "balanced_accuracy": 0.7439111513484762,
        "precision": 0.3025888746320477,
        "recall": 0.7691864927091328,
        "f1": 0.4343210010291967,
        "weighted_precision": 0.8626164473552732,
        "weighted_recall": 0.7255597603279722,
        "weighted_f1": 0.7661663545108611
    },
    "probability_metrics": {
        "roc_auc": 0.8231020036681022,
        "average_precision": 0.41751373310594625,
        "brier_score": 0.09685703225389805
    },
    "uncertainty_metrics": {
        "mean_epistemic": 5.923908346936693e-17,
        "mean_aleatoric": 0.2861451898896019,
        "mean_total": 0.2861451898896019,
        "correlation_with_error": 0.677697722605779
    },
    "class_distribution": {
        "negative_class": 32840,
        "positive_class": 5212,
        "class_ratio": 0.13697046147377273
    }
}