{
    "screening_metrics": {
        "accuracy": 0.8413355408388521,
        "precision": 0.4300983326207781,
        "recall": 0.4269345027585231,
        "f1": 0.42851057787874486
    },
    "confirmation_metrics": {
        "accuracy": 0.8652041942604857,
        "precision": 0.5638888888888889,
        "recall": 0.1435846654406564,
        "f1": 0.22888713496448304
    },
    "probability_metrics": {
        "roc_auc": 0.8196219253104999,
        "average_precision": 0.41062157433340063,
        "brier_score": 0.10988898764736808
    },
    "uncertainty_metrics": {
        "mean_epistemic": 2.913457410256317e-17,
        "mean_aleatoric": 0.11312014021516567,
        "mean_total": 0.11312014021516571,
        "correlation_with_error": 0.4999849722467626
    }
}