{
    "screening_metrics": {
        "accuracy": 0.7022232734153264,
        "balanced_accuracy": 0.7587999631694122,
        "precision": 0.2938481234418166,
        "recall": 0.8367229470452802,
        "f1": 0.4349473894180422,
        "weighted_precision": 0.8716362379190069,
        "weighted_recall": 0.7022232734153264,
        "weighted_f1": 0.748138591375931
    },
    "confirmation_metrics": {
        "accuracy": 0.6734731420161884,
        "balanced_accuracy": 0.7538459803713533,
        "precision": 0.2777195685670262,
        "recall": 0.8645433614735226,
        "f1": 0.42039464477305594,
        "weighted_precision": 0.8731540007872346,
        "weighted_recall": 0.6734731420161884,
        "weighted_f1": 0.7244573462004059
    },
    "probability_metrics": {
        "roc_auc": 0.83412195621834,
        "average_precision": 0.42996184810284666,
        "brier_score": 0.09528634319061961
    },
    "uncertainty_metrics": {
        "total": 0.009249874811561079,
        "epistemic": 0.009249874811561079,
        "aleatoric": 3.8472731167859643e-17,
        "screening": {
            "epistemic": 0.009249874811561079,
            "aleatoric": 3.8472731167859643e-17
        },
        "confirmation": {
            "epistemic": 0.009249874811561079,
            "aleatoric": 3.8472731167859643e-17
        }
    },
    "class_distribution": {
        "negative_class": 32840,
        "positive_class": 5212,
        "positive_class_ratio": 0.13697046147377273
    }
}